title,url
"Coord-Nursing
Wythe County Community Hospital
Wytheville, VA",https://jobs.lifepointhealth.net/job/wytheville/coord-nursing/40921/80058528176
"Dir-Human Resources
Wythe County Community Hospital
Wytheville, VA",https://jobs.lifepointhealth.net/job/wytheville/dir-human-resources/40921/80050633264
"Registrar
Wythe County Community Hospital
Wytheville, VA",https://jobs.lifepointhealth.net/job/wytheville/registrar/40921/80050633248
"HR Specialist
Wythe County Community Hospital
Wytheville, VA",https://jobs.lifepointhealth.net/job/wytheville/hr-specialist/40921/79766919056
"Maintenance Mechanic
Wythe County Community Hospital
Wytheville, VA",https://jobs.lifepointhealth.net/job/wytheville/maintenance-mechanic/40921/71470795504
"RN-Womens Svcs
Wythe County Community Hospital
Wytheville, VA",https://jobs.lifepointhealth.net/job/wytheville/rn-womens-svcs/40921/78743038112
"Nurse Tech
Wythe County Community Hospital
Wytheville, VA",https://jobs.lifepointhealth.net/job/wytheville/nurse-tech/40921/67946461200
"ER/Monitor Tech
Wythe County Community Hospital
Wytheville, VA",https://jobs.lifepointhealth.net/job/wytheville/er-monitor-tech/40921/77941840512
"Radiology Tech PRN
Wythe County Community Hospital
Wytheville, VA",https://jobs.lifepointhealth.net/job/wytheville/radiology-tech-prn/40921/74080251520
"Medical Asst PRN
Wythe County Community Hospital
Wytheville, VA",https://jobs.lifepointhealth.net/job/wytheville/medical-asst-prn/40921/76957525888
"Multi-Modality Tech
Wythe County Community Hospital
Wytheville, VA",https://jobs.lifepointhealth.net/job/wytheville/multi-modality-tech/40921/73624767136
"Ultrasound Tech PRN
Wythe County Community Hospital
Wytheville, VA",https://jobs.lifepointhealth.net/job/wytheville/ultrasound-tech-prn/40921/73624766752
"Coord-Accounting
Wythe County Community Hospital
Wytheville, VA",https://jobs.lifepointhealth.net/job/wytheville/coord-accounting/40921/78705600080
"Medical Asst PRN
Wythe County Community Hospital
Wytheville, VA",https://jobs.lifepointhealth.net/job/wytheville/medical-asst-prn/40921/76957521488
"LPN PRN
Wythe County Community Hospital
Wytheville, VA",https://jobs.lifepointhealth.net/job/wytheville/lpn-prn/40921/67196649632
"Sonographer Diagnostic Imaging Center
Las Cruces, New Mexico",https://jobs.lifepointhealth.net/job/las-cruces/sonographer-diagnostic-imaging-center/40921/80259791472
"Mammographer Diagnostic Imaging Center
Las Cruces, New Mexico",https://jobs.lifepointhealth.net/job/las-cruces/mammographer-diagnostic-imaging-center/40921/80259791184
"Front Office Representative - CHC
Danville, Virginia",https://jobs.lifepointhealth.net/job/danville/front-office-representative-chc/40921/80259790384
"RN-ICU
Wythe County Community Hospital
Wytheville, VA",https://jobs.lifepointhealth.net/job/wytheville/rn-icu/40921/69797704672
"ER/Monitor Tech PRN
Wythe County Community Hospital
Wytheville, VA",https://jobs.lifepointhealth.net/job/wytheville/er-monitor-tech-prn/40921/77932301152
"RN -Medical/Surgical PRN
Wythe County Community Hospital
Wytheville, VA",https://jobs.lifepointhealth.net/job/wytheville/rn-medical-surgical-prn/40921/79345350656
"Occup Therapist PRN
Wythe County Community Hospital
Wytheville, VA",https://jobs.lifepointhealth.net/job/wytheville/occup-therapist-prn/40921/79345350640
"RN-Emergency Services
Wythe County Community Hospital
Wytheville, VA",https://jobs.lifepointhealth.net/job/wytheville/rn-emergency-services/40921/68525771200
"Admin Asst-Clinic PRN
Wythe County Community Hospital
Wytheville, VA",https://jobs.lifepointhealth.net/job/wytheville/admin-asst-clinic-prn/40921/79502210720
"LPN PRN
Wythe County Community Hospital
Wytheville, VA",https://jobs.lifepointhealth.net/job/wytheville/lpn-prn/40921/76957493008
"NP PRN
Wythe County Community Hospital
Wytheville, VA",https://jobs.lifepointhealth.net/job/wytheville/np-prn/40921/77932270928
"Dir - ER
Wythe County Community Hospital
Wytheville, VA",https://jobs.lifepointhealth.net/job/wytheville/dir-er/40921/79013515840
"LPN PRN
Wythe County Community Hospital
Wytheville, VA",https://jobs.lifepointhealth.net/job/wytheville/lpn-prn/40921/68525771952
"LPN PRN
Wythe County Community Hospital
Wytheville, VA",https://jobs.lifepointhealth.net/job/wytheville/lpn-prn/40921/68525771232
"Admin Asst-Clinic PRN
Wythe County Community Hospital
Wytheville, VA",https://jobs.lifepointhealth.net/job/wytheville/admin-asst-clinic-prn/40921/79502201520
"Speech Pathologist PRN
Wythe County Community Hospital
Wytheville, VA",https://jobs.lifepointhealth.net/job/wytheville/speech-pathologist-prn/40921/76407671904
"ER/Monitor Tech
Wythe County Community Hospital
Wytheville, VA",https://jobs.lifepointhealth.net/job/wytheville/er-monitor-tech/40921/79372481856
"ER/Monitor Tech PRN
Wythe County Community Hospital
Wytheville, VA",https://jobs.lifepointhealth.net/job/wytheville/er-monitor-tech-prn/40921/77941774400
"Sonographer Diagnostic Imaging Center
Las Cruces, New Mexico",https://jobs.lifepointhealth.net/job/las-cruces/sonographer-diagnostic-imaging-center/40921/80259791472
"Mammographer Diagnostic Imaging Center
Las Cruces, New Mexico",https://jobs.lifepointhealth.net/job/las-cruces/mammographer-diagnostic-imaging-center/40921/80259791184
"Front Office Representative - CHC
Danville, Virginia",https://jobs.lifepointhealth.net/job/danville/front-office-representative-chc/40921/80259790384
"Medical Asst PRN
Wythe County Community Hospital
Wytheville, VA",https://jobs.lifepointhealth.net/job/wytheville/medical-asst-prn/40921/65979476368
"Respiratory Therapist
Wythe County Community Hospital
Wytheville, VA",https://jobs.lifepointhealth.net/job/wytheville/respiratory-therapist/40921/66853216432
"RN-ICU
Wythe County Community Hospital
Wytheville, VA",https://jobs.lifepointhealth.net/job/wytheville/rn-icu/40921/69797655120
"Medical Asst PRN
Wythe County Community Hospital
Wytheville, VA",https://jobs.lifepointhealth.net/job/wytheville/medical-asst-prn/40921/67946406416
"Sonographer Diagnostic Imaging Center
Las Cruces, New Mexico",https://jobs.lifepointhealth.net/job/las-cruces/sonographer-diagnostic-imaging-center/40921/80259791472
"Mammographer Diagnostic Imaging Center
Las Cruces, New Mexico",https://jobs.lifepointhealth.net/job/las-cruces/mammographer-diagnostic-imaging-center/40921/80259791184
"Front Office Representative - CHC
Danville, Virginia",https://jobs.lifepointhealth.net/job/danville/front-office-representative-chc/40921/80259790384
